{"cameraMode":{"drawMode":0,"name":"Shaded","section":"Shading Mode"},"sceneLighting":false,"audioPlay":false,"sceneViewState":{"showFog":true,"showMaterialUpdate":false,"showSkybox":false,"showFlares":true,"showImageEffects":true,"showParticleSystems":true},"in2DMode":false,"pivot":{"x":-0.49109888076782229,"y":-1.891588807106018,"z":-2.2680537700653078},"rotation":{"x":-0.12831959128379823,"y":-0.8490843176841736,"z":0.24075371026992799,"w":-0.4524172246456146},"size":4.412699222564697,"orthographic":false}